{
"lengthUnit": "mil",
"components": {
	"fields": ["COMPONENT_NO", "COMPONENT_NAME", "LAYER", "X_COORDINATE", "Y_COORDINATE", "ANGLE"],
	"rows": [
		[1, "AHT10", "T", -2705, 2105, 270],
		[2, "ESP32-WROOM", "T", -4735, 3205, 180],
		[3, "J1", "T", -4100, 2505, 180],
		[4, "J2", "T", -5370, 3910, 0],
		[5, "LED", "T", -5485, 1545, 90],
		[6, "MICRO SD CARD", "T", -3655, 2765, 180],
		[7, "Noise", "T", -2510, 1465, 0],
		[8, "R", "T", -5530, 2090, 270],
		[9, "RTC_module", "T", -2210, 3940, 180],
		[10, "SDS011", "T", -5020, 4420, 180],
		[11, "Serial COM", "T", -4200, 4435, 180],
		[12, "SIM800L V1", "T", -3280, 2165, 270],
		[13, "U1", "T", -4285, 1480, 0]
	]
},
"pins": {
	"fields": ["PIN_NO", "PIN_NAME", "PIN_X", "PIN_Y", "LAYER", "PIN_TYPE", "NET_NAME", "NET_TYPE", "PAD_SHAPE", "PAD_SIZEX", "PAD_SIZEY", "HOLE_SIZE", "PAD_ANGLE"],
	"rows": [
		[1, "AHT10_1", -2705, 1905, "T", "DIP", "V", "", "C", 60, 60, 36, 270],
		[2, "AHT10_1", -2705, 1905, "B", "DIP", "V", "", "C", 60, 60, 36, 270],
		[3, "AHT10_2", -2705, 2005, "T", "DIP", "GND", "GND", "C", 60, 60, 36, 270],
		[4, "AHT10_2", -2705, 2005, "B", "DIP", "GND", "GND", "C", 60, 60, 36, 270],
		[5, "AHT10_3", -2705, 2105, "T", "DIP", "SCL", "", "C", 60, 60, 36, 270],
		[6, "AHT10_3", -2705, 2105, "B", "DIP", "SCL", "", "C", 60, 60, 36, 270],
		[7, "AHT10_4", -2705, 2205, "T", "DIP", "SDA", "", "C", 60, 60, 36, 270],
		[8, "AHT10_4", -2705, 2205, "B", "DIP", "SDA", "", "C", 60, 60, 36, 270],
		[9, "ESP32-WROOM_1", -4232.5, 2506, "T", "DIP", "$1N7494", "", "R", 66.93, 66.93, 35, 90],
		[10, "ESP32-WROOM_1", -4232.5, 2506, "B", "DIP", "$1N7494", "", "R", 66.93, 66.93, 35, 90],
		[11, "ESP32-WROOM_4", -4232.5, 2606, "T", "DIP", "$1N7498", "", "C", 66.93, 66.93, 37.4, 90],
		[12, "ESP32-WROOM_4", -4232.5, 2606, "B", "DIP", "$1N7498", "", "C", 66.93, 66.93, 37.4, 90],
		[13, "ESP32-WROOM_6", -4232.5, 2706.26, "T", "DIP", "$1N7503", "", "C", 66.93, 66.93, 37.4, 90],
		[14, "ESP32-WROOM_6", -4232.5, 2706.26, "B", "DIP", "$1N7503", "", "C", 66.93, 66.93, 37.4, 90],
		[15, "ESP32-WROOM_7", -4232.5, 2806.26, "T", "DIP", "$1N16187", "", "C", 66.93, 66.93, 37.4, 90],
		[16, "ESP32-WROOM_7", -4232.5, 2806.26, "B", "DIP", "$1N16187", "", "C", 66.93, 66.93, 37.4, 90],
		[17, "ESP32-WROOM_8", -4232.5, 2906.26, "T", "DIP", "$1N16193", "", "C", 66.93, 66.93, 37.4, 90],
		[18, "ESP32-WROOM_8", -4232.5, 2906.26, "B", "DIP", "$1N16193", "", "C", 66.93, 66.93, 37.4, 90],
		[19, "ESP32-WROOM_9", -4232.5, 3006.26, "T", "DIP", "RX1", "", "C", 66.93, 66.93, 37.4, 90],
		[20, "ESP32-WROOM_9", -4232.5, 3006.26, "B", "DIP", "RX1", "", "C", 66.93, 66.93, 37.4, 90],
		[21, "ESP32-WROOM_10", -4232.5, 3106.26, "T", "DIP", "TX1", "", "C", 66.93, 66.93, 37.4, 90],
		[22, "ESP32-WROOM_10", -4232.5, 3106.26, "B", "DIP", "TX1", "", "C", 66.93, 66.93, 37.4, 90],
		[23, "ESP32-WROOM_11", -4232.5, 3206.26, "T", "DIP", "CS", "", "C", 66.93, 66.93, 37.4, 90],
		[24, "ESP32-WROOM_11", -4232.5, 3206.26, "B", "DIP", "CS", "", "C", 66.93, 66.93, 37.4, 90],
		[25, "ESP32-WROOM_12", -4232.5, 3306.26, "T", "DIP", "SCK", "", "C", 66.93, 66.93, 37.4, 90],
		[26, "ESP32-WROOM_12", -4232.5, 3306.26, "B", "DIP", "SCK", "", "C", 66.93, 66.93, 37.4, 90],
		[27, "ESP32-WROOM_13", -4232.5, 3406.26, "T", "DIP", "MISO", "", "C", 66.93, 66.93, 37.4, 90],
		[28, "ESP32-WROOM_13", -4232.5, 3406.26, "B", "DIP", "MISO", "", "C", 66.93, 66.93, 37.4, 90],
		[29, "ESP32-WROOM_14", -4232.5, 3506.26, "T", "DIP", "SDA", "", "C", 66.93, 66.93, 37.4, 90],
		[30, "ESP32-WROOM_14", -4232.5, 3506.26, "B", "DIP", "SDA", "", "C", 66.93, 66.93, 37.4, 90],
		[31, "ESP32-WROOM_15", -4232.5, 3606.26, "T", "DIP", "TX", "", "C", 66.93, 66.93, 37.4, 90],
		[32, "ESP32-WROOM_15", -4232.5, 3606.26, "B", "DIP", "TX", "", "C", 66.93, 66.93, 37.4, 90],
		[33, "ESP32-WROOM_16", -4232.5, 3706.26, "T", "DIP", "RX", "", "C", 66.93, 66.93, 37.4, 90],
		[34, "ESP32-WROOM_16", -4232.5, 3706.26, "B", "DIP", "RX", "", "C", 66.93, 66.93, 37.4, 90],
		[35, "ESP32-WROOM_17", -4232.5, 3806.26, "T", "DIP", "SCL", "", "C", 66.93, 66.93, 37.4, 90],
		[36, "ESP32-WROOM_17", -4232.5, 3806.26, "B", "DIP", "SCL", "", "C", 66.93, 66.93, 37.4, 90],
		[37, "ESP32-WROOM_18", -4232.5, 3906.26, "T", "DIP", "MOSI", "", "C", 66.93, 66.93, 37.4, 90],
		[38, "ESP32-WROOM_18", -4232.5, 3906.26, "B", "DIP", "MOSI", "", "C", 66.93, 66.93, 37.4, 90],
		[39, "ESP32-WROOM_19", -5230.5, 3906.26, "T", "DIP", "$1N8535", "", "C", 66.93, 66.93, 37.4, 90],
		[40, "ESP32-WROOM_19", -5230.5, 3906.26, "B", "DIP", "$1N8535", "", "C", 66.93, 66.93, 37.4, 90],
		[41, "ESP32-WROOM_20", -5230.5, 3806.26, "T", "DIP", "A", "", "C", 66.93, 66.93, 37.4, 90],
		[42, "ESP32-WROOM_20", -5230.5, 3806.26, "B", "DIP", "A", "", "C", 66.93, 66.93, 37.4, 90],
		[43, "ESP32-WROOM_21", -5230.5, 3706.26, "T", "DIP", "$1N8525", "", "C", 66.93, 66.93, 37.4, 90],
		[44, "ESP32-WROOM_21", -5230.5, 3706.26, "B", "DIP", "$1N8525", "", "C", 66.93, 66.93, 37.4, 90],
		[45, "ESP32-WROOM_22", -5230.5, 3606.26, "T", "DIP", "$1N8520", "", "C", 66.93, 66.93, 37.4, 90],
		[46, "ESP32-WROOM_22", -5230.5, 3606.26, "B", "DIP", "$1N8520", "", "C", 66.93, 66.93, 37.4, 90],
		[47, "ESP32-WROOM_23", -5230.5, 3506.26, "T", "DIP", "$1N8515", "", "C", 66.93, 66.93, 37.4, 90],
		[48, "ESP32-WROOM_23", -5230.5, 3506.26, "B", "DIP", "$1N8515", "", "C", 66.93, 66.93, 37.4, 90],
		[49, "ESP32-WROOM_24", -5230.5, 3406.26, "T", "DIP", "$1N8510", "", "C", 66.93, 66.93, 37.4, 90],
		[50, "ESP32-WROOM_24", -5230.5, 3406.26, "B", "DIP", "$1N8510", "", "C", 66.93, 66.93, 37.4, 90],
		[51, "ESP32-WROOM_25", -5230.5, 3306.26, "T", "DIP", "$1N8505", "", "C", 66.93, 66.93, 37.4, 90],
		[52, "ESP32-WROOM_25", -5230.5, 3306.26, "B", "DIP", "$1N8505", "", "C", 66.93, 66.93, 37.4, 90],
		[53, "ESP32-WROOM_26", -5230.5, 3206.26, "T", "DIP", "TX2", "", "C", 66.93, 66.93, 37.4, 90],
		[54, "ESP32-WROOM_26", -5230.5, 3206.26, "B", "DIP", "TX2", "", "C", 66.93, 66.93, 37.4, 90],
		[55, "ESP32-WROOM_27", -5230.5, 3106.26, "T", "DIP", "RX2", "", "C", 66.93, 66.93, 37.4, 90],
		[56, "ESP32-WROOM_27", -5230.5, 3106.26, "B", "DIP", "RX2", "", "C", 66.93, 66.93, 37.4, 90],
		[57, "ESP32-WROOM_28", -5230.5, 3006.26, "T", "DIP", "$1N8490", "", "C", 66.93, 66.93, 37.4, 90],
		[58, "ESP32-WROOM_28", -5230.5, 3006.26, "B", "DIP", "$1N8490", "", "C", 66.93, 66.93, 37.4, 90],
		[59, "ESP32-WROOM_29", -5230.5, 2906.26, "T", "DIP", "$1N8485", "", "C", 66.93, 66.93, 37.4, 90],
		[60, "ESP32-WROOM_29", -5230.5, 2906.26, "B", "DIP", "$1N8485", "", "C", 66.93, 66.93, 37.4, 90],
		[61, "ESP32-WROOM_30", -5230.5, 2806.26, "T", "DIP", "$1N8480", "", "C", 66.93, 66.93, 37.4, 90],
		[62, "ESP32-WROOM_30", -5230.5, 2806.26, "B", "DIP", "$1N8480", "", "C", 66.93, 66.93, 37.4, 90],
		[63, "ESP32-WROOM_31", -5230.5, 2706.26, "T", "DIP", "$1N8475", "", "C", 66.93, 66.93, 37.4, 90],
		[64, "ESP32-WROOM_31", -5230.5, 2706.26, "B", "DIP", "$1N8475", "", "C", 66.93, 66.93, 37.4, 90],
		[65, "ESP32-WROOM_35", -5230.5, 2606, "T", "DIP", "GND", "GND", "C", 66.93, 66.93, 37.4, 90],
		[66, "ESP32-WROOM_35", -5230.5, 2606, "B", "DIP", "GND", "GND", "C", 66.93, 66.93, 37.4, 90],
		[67, "ESP32-WROOM_36", -5230.5, 2506, "T", "DIP", "V", "", "C", 66.93, 66.93, 37.4, 90],
		[68, "ESP32-WROOM_36", -5230.5, 2506, "B", "DIP", "V", "", "C", 66.93, 66.93, 37.4, 90],
		[69, "J1_1", -4100, 2505, "T", "DIP", "$1N7494", "", "R", 66.93, 66.93, 39.37, 180],
		[70, "J1_1", -4100, 2505, "B", "DIP", "$1N7494", "", "R", 66.93, 66.93, 39.37, 180],
		[71, "J1_2", -4100, 2605, "T", "DIP", "$1N7498", "", "C", 66.93, 66.93, 39.37, 180],
		[72, "J1_2", -4100, 2605, "B", "DIP", "$1N7498", "", "C", 66.93, 66.93, 39.37, 180],
		[73, "J1_3", -4100, 2705, "T", "DIP", "$1N7503", "", "C", 66.93, 66.93, 39.37, 180],
		[74, "J1_3", -4100, 2705, "B", "DIP", "$1N7503", "", "C", 66.93, 66.93, 39.37, 180],
		[75, "J1_4", -4100, 2805, "T", "DIP", "$1N16187", "", "C", 66.93, 66.93, 39.37, 180],
		[76, "J1_4", -4100, 2805, "B", "DIP", "$1N16187", "", "C", 66.93, 66.93, 39.37, 180],
		[77, "J1_5", -4100, 2905, "T", "DIP", "$1N16193", "", "C", 66.93, 66.93, 39.37, 180],
		[78, "J1_5", -4100, 2905, "B", "DIP", "$1N16193", "", "C", 66.93, 66.93, 39.37, 180],
		[79, "J1_6", -4100, 3005, "T", "DIP", "RX1", "", "C", 66.93, 66.93, 39.37, 180],
		[80, "J1_6", -4100, 3005, "B", "DIP", "RX1", "", "C", 66.93, 66.93, 39.37, 180],
		[81, "J1_7", -4100, 3105, "T", "DIP", "TX1", "", "C", 66.93, 66.93, 39.37, 180],
		[82, "J1_7", -4100, 3105, "B", "DIP", "TX1", "", "C", 66.93, 66.93, 39.37, 180],
		[83, "J1_8", -4100, 3205, "T", "DIP", "CS", "", "C", 66.93, 66.93, 39.37, 180],
		[84, "J1_8", -4100, 3205, "B", "DIP", "CS", "", "C", 66.93, 66.93, 39.37, 180],
		[85, "J1_9", -4100, 3305, "T", "DIP", "SCK", "", "C", 66.93, 66.93, 39.37, 180],
		[86, "J1_9", -4100, 3305, "B", "DIP", "SCK", "", "C", 66.93, 66.93, 39.37, 180],
		[87, "J1_10", -4100, 3405, "T", "DIP", "MISO", "", "C", 66.93, 66.93, 39.37, 180],
		[88, "J1_10", -4100, 3405, "B", "DIP", "MISO", "", "C", 66.93, 66.93, 39.37, 180],
		[89, "J1_11", -4100, 3505, "T", "DIP", "SDA", "", "C", 66.93, 66.93, 39.37, 180],
		[90, "J1_11", -4100, 3505, "B", "DIP", "SDA", "", "C", 66.93, 66.93, 39.37, 180],
		[91, "J1_12", -4100, 3605, "T", "DIP", "TX", "", "C", 66.93, 66.93, 39.37, 180],
		[92, "J1_12", -4100, 3605, "B", "DIP", "TX", "", "C", 66.93, 66.93, 39.37, 180],
		[93, "J1_13", -4100, 3705, "T", "DIP", "RX", "", "C", 66.93, 66.93, 39.37, 180],
		[94, "J1_13", -4100, 3705, "B", "DIP", "RX", "", "C", 66.93, 66.93, 39.37, 180],
		[95, "J1_14", -4100, 3805, "T", "DIP", "SCL", "", "C", 66.93, 66.93, 39.37, 180],
		[96, "J1_14", -4100, 3805, "B", "DIP", "SCL", "", "C", 66.93, 66.93, 39.37, 180],
		[97, "J1_15", -4100, 3905, "T", "DIP", "MOSI", "", "C", 66.93, 66.93, 39.37, 180],
		[98, "J1_15", -4100, 3905, "B", "DIP", "MOSI", "", "C", 66.93, 66.93, 39.37, 180],
		[99, "J2_1", -5370, 3910, "T", "DIP", "$1N8535", "", "R", 66.93, 66.93, 39.37, 0],
		[100, "J2_1", -5370, 3910, "B", "DIP", "$1N8535", "", "R", 66.93, 66.93, 39.37, 0],
		[101, "J2_2", -5370, 3810, "T", "DIP", "A", "", "C", 66.93, 66.93, 39.37, 0],
		[102, "J2_2", -5370, 3810, "B", "DIP", "A", "", "C", 66.93, 66.93, 39.37, 0],
		[103, "J2_3", -5370, 3710, "T", "DIP", "$1N8525", "", "C", 66.93, 66.93, 39.37, 0],
		[104, "J2_3", -5370, 3710, "B", "DIP", "$1N8525", "", "C", 66.93, 66.93, 39.37, 0],
		[105, "J2_4", -5370, 3610, "T", "DIP", "$1N8520", "", "C", 66.93, 66.93, 39.37, 0],
		[106, "J2_4", -5370, 3610, "B", "DIP", "$1N8520", "", "C", 66.93, 66.93, 39.37, 0],
		[107, "J2_5", -5370, 3510, "T", "DIP", "$1N8515", "", "C", 66.93, 66.93, 39.37, 0],
		[108, "J2_5", -5370, 3510, "B", "DIP", "$1N8515", "", "C", 66.93, 66.93, 39.37, 0],
		[109, "J2_6", -5370, 3410, "T", "DIP", "$1N8510", "", "C", 66.93, 66.93, 39.37, 0],
		[110, "J2_6", -5370, 3410, "B", "DIP", "$1N8510", "", "C", 66.93, 66.93, 39.37, 0],
		[111, "J2_7", -5370, 3310, "T", "DIP", "$1N8505", "", "C", 66.93, 66.93, 39.37, 0],
		[112, "J2_7", -5370, 3310, "B", "DIP", "$1N8505", "", "C", 66.93, 66.93, 39.37, 0],
		[113, "J2_8", -5370, 3210, "T", "DIP", "TX2", "", "C", 66.93, 66.93, 39.37, 0],
		[114, "J2_8", -5370, 3210, "B", "DIP", "TX2", "", "C", 66.93, 66.93, 39.37, 0],
		[115, "J2_9", -5370, 3110, "T", "DIP", "RX2", "", "C", 66.93, 66.93, 39.37, 0],
		[116, "J2_9", -5370, 3110, "B", "DIP", "RX2", "", "C", 66.93, 66.93, 39.37, 0],
		[117, "J2_10", -5370, 3010, "T", "DIP", "$1N8490", "", "C", 66.93, 66.93, 39.37, 0],
		[118, "J2_10", -5370, 3010, "B", "DIP", "$1N8490", "", "C", 66.93, 66.93, 39.37, 0],
		[119, "J2_11", -5370, 2910, "T", "DIP", "$1N8485", "", "C", 66.93, 66.93, 39.37, 0],
		[120, "J2_11", -5370, 2910, "B", "DIP", "$1N8485", "", "C", 66.93, 66.93, 39.37, 0],
		[121, "J2_12", -5370, 2810, "T", "DIP", "$1N8480", "", "C", 66.93, 66.93, 39.37, 0],
		[122, "J2_12", -5370, 2810, "B", "DIP", "$1N8480", "", "C", 66.93, 66.93, 39.37, 0],
		[123, "J2_13", -5370, 2710, "T", "DIP", "$1N8475", "", "C", 66.93, 66.93, 39.37, 0],
		[124, "J2_13", -5370, 2710, "B", "DIP", "$1N8475", "", "C", 66.93, 66.93, 39.37, 0],
		[125, "J2_14", -5370, 2610, "T", "DIP", "GND", "GND", "C", 66.93, 66.93, 39.37, 0],
		[126, "J2_14", -5370, 2610, "B", "DIP", "GND", "GND", "C", 66.93, 66.93, 39.37, 0],
		[127, "J2_15", -5370, 2510, "T", "DIP", "V", "", "C", 66.93, 66.93, 39.37, 0],
		[128, "J2_15", -5370, 2510, "B", "DIP", "V", "", "C", 66.93, 66.93, 39.37, 0],
		[129, "LED_1", -5525, 1595, "T", "DIP", "GND", "GND", "C", 60, 60, 39.37, 90],
		[130, "LED_1", -5525, 1595, "B", "DIP", "GND", "GND", "C", 60, 60, 39.37, 90],
		[131, "LED_2", -5525, 1695, "T", "DIP", "$1N10096", "", "C", 60, 60, 39.37, 90],
		[132, "LED_2", -5525, 1695, "B", "DIP", "$1N10096", "", "C", 60, 60, 39.37, 90],
		[133, "MICRO SD CARD_1", -3655, 2765, "T", "DIP", "GND", "GND", "C", 62.01, 62.01, 40.16, 180],
		[134, "MICRO SD CARD_1", -3655, 2765, "B", "DIP", "GND", "GND", "C", 62.01, 62.01, 40.16, 180],
		[135, "MICRO SD CARD_2", -3655, 2865, "T", "DIP", "V", "", "C", 62.01, 62.01, 36, 180],
		[136, "MICRO SD CARD_2", -3655, 2865, "B", "DIP", "V", "", "C", 62.01, 62.01, 36, 180],
		[137, "MICRO SD CARD_3", -3655, 2965, "T", "DIP", "MISO", "", "C", 62.01, 62.01, 36, 180],
		[138, "MICRO SD CARD_3", -3655, 2965, "B", "DIP", "MISO", "", "C", 62.01, 62.01, 36, 180],
		[139, "MICRO SD CARD_4", -3655, 3065, "T", "DIP", "MOSI", "", "C", 62.01, 62.01, 36, 180],
		[140, "MICRO SD CARD_4", -3655, 3065, "B", "DIP", "MOSI", "", "C", 62.01, 62.01, 36, 180],
		[141, "MICRO SD CARD_5", -3655, 3165, "T", "DIP", "SCK", "", "C", 62.01, 62.01, 36, 180],
		[142, "MICRO SD CARD_5", -3655, 3165, "B", "DIP", "SCK", "", "C", 62.01, 62.01, 36, 180],
		[143, "MICRO SD CARD_6", -3655, 3265, "T", "DIP", "CS", "", "C", 62.01, 62.01, 36, 180],
		[144, "MICRO SD CARD_6", -3655, 3265, "B", "DIP", "CS", "", "C", 62.01, 62.01, 36, 180],
		[145, "Noise_1", -2509.02, 1466.54, "T", "DIP", "A", "", "C", 59.06, 59.06, 39.37, 0],
		[146, "Noise_1", -2509.02, 1466.54, "B", "DIP", "A", "", "C", 59.06, 59.06, 39.37, 0],
		[147, "Noise_2", -2430.28, 1466.54, "T", "DIP", "V", "", "C", 59.06, 59.06, 39.37, 0],
		[148, "Noise_2", -2430.28, 1466.54, "B", "DIP", "V", "", "C", 59.06, 59.06, 39.37, 0],
		[149, "Noise_3", -2351.54, 1466.54, "T", "DIP", "GND", "GND", "C", 59.06, 59.06, 39.37, 0],
		[150, "Noise_3", -2351.54, 1466.54, "B", "DIP", "GND", "GND", "C", 59.06, 59.06, 39.37, 0],
		[151, "R_1", -5530, 2292.76, "T", "DIP", "$1N8505", "", "C", 60, 60, 39.37, 270],
		[152, "R_1", -5530, 2292.76, "B", "DIP", "$1N8505", "", "C", 60, 60, 39.37, 270],
		[153, "R_2", -5530, 1887.24, "T", "DIP", "$1N10096", "", "C", 60, 60, 39.37, 270],
		[154, "R_2", -5530, 1887.24, "B", "DIP", "$1N10096", "", "C", 60, 60, 39.37, 270],
		[155, "RTC_module_1", -3610, 3840, "T", "DIP", "RTC_module_1", "", "R", 68, 68, 39, 270],
		[156, "RTC_module_1", -3610, 3840, "B", "DIP", "RTC_module_1", "", "R", 68, 68, 39, 270],
		[157, "RTC_module_2", -3610, 3940, "T", "DIP", "RTC_module_2", "", "C", 68, 68, 39, 270],
		[158, "RTC_module_2", -3610, 3940, "B", "DIP", "RTC_module_2", "", "C", 68, 68, 39, 270],
		[159, "RTC_module_3", -3610, 4040, "T", "DIP", "SCL", "", "C", 68, 68, 39, 270],
		[160, "RTC_module_3", -3610, 4040, "B", "DIP", "SCL", "", "C", 68, 68, 39, 270],
		[161, "RTC_module_4", -3610, 4140, "T", "DIP", "SDA", "", "C", 68, 68, 39, 270],
		[162, "RTC_module_4", -3610, 4140, "B", "DIP", "SDA", "", "C", 68, 68, 39, 270],
		[163, "RTC_module_5", -3610, 4240, "T", "DIP", "V", "", "C", 68, 68, 39, 270],
		[164, "RTC_module_5", -3610, 4240, "B", "DIP", "V", "", "C", 68, 68, 39, 270],
		[165, "RTC_module_6", -3610, 4340, "T", "DIP", "GND", "GND", "C", 68, 68, 39, 270],
		[166, "RTC_module_6", -3610, 4340, "B", "DIP", "GND", "GND", "C", 68, 68, 39, 270],
		[167, "RTC_module_7", -2210, 3940, "T", "DIP", "RTC_module_7", "", "R", 68, 68, 39, 180],
		[168, "RTC_module_7", -2210, 3940, "B", "DIP", "RTC_module_7", "", "R", 68, 68, 39, 180],
		[169, "RTC_module_8", -2210, 4040, "T", "DIP", "RTC_module_8", "", "C", 68, 68, 39, 180],
		[170, "RTC_module_8", -2210, 4040, "B", "DIP", "RTC_module_8", "", "C", 68, 68, 39, 180],
		[171, "RTC_module_9", -2210, 4140, "T", "DIP", "RTC_module_9", "", "C", 68, 68, 39, 180],
		[172, "RTC_module_9", -2210, 4140, "B", "DIP", "RTC_module_9", "", "C", 68, 68, 39, 180],
		[173, "RTC_module_10", -2210, 4240, "T", "DIP", "RTC_module_10", "", "C", 68, 68, 39, 180],
		[174, "RTC_module_10", -2210, 4240, "B", "DIP", "RTC_module_10", "", "C", 68, 68, 39, 180],
		[175, "SDS011_1", -5216.85, 4440.67, "T", "DIP", "TX", "", "R", 59.37, 59.37, 39.37, 180],
		[176, "SDS011_1", -5216.85, 4440.67, "B", "DIP", "TX", "", "R", 59.37, 59.37, 39.37, 180],
		[177, "SDS011_2", -5118.42, 4440.67, "T", "DIP", "RX", "", "C", 59.37, 59.37, 39.37, 180],
		[178, "SDS011_2", -5118.42, 4440.67, "B", "DIP", "RX", "", "C", 59.37, 59.37, 39.37, 180],
		[179, "SDS011_3", -5020, 4440.67, "T", "DIP", "GND", "GND", "C", 59.37, 59.37, 39.37, 180],
		[180, "SDS011_3", -5020, 4440.67, "B", "DIP", "GND", "GND", "C", 59.37, 59.37, 39.37, 180],
		[181, "SDS011_4", -4921.58, 4440.67, "T", "DIP", "V", "", "C", 59.37, 59.37, 39.37, 180],
		[182, "SDS011_4", -4921.58, 4440.67, "B", "DIP", "V", "", "C", 59.37, 59.37, 39.37, 180],
		[183, "SDS011_5", -4823.15, 4440.67, "T", "DIP", "SDS011_5", "", "C", 59.37, 59.37, 39.37, 180],
		[184, "SDS011_5", -4823.15, 4440.67, "B", "DIP", "SDS011_5", "", "C", 59.37, 59.37, 39.37, 180],
		[185, "Serial COM_1", -4150, 4435, "T", "DIP", "RX1", "", "R", 62.99, 62.99, 39.37, 180],
		[186, "Serial COM_1", -4150, 4435, "B", "DIP", "RX1", "", "R", 62.99, 62.99, 39.37, 180],
		[187, "Serial COM_2", -4250, 4435, "T", "DIP", "TX1", "", "C", 62.99, 62.99, 39.37, 180],
		[188, "Serial COM_2", -4250, 4435, "B", "DIP", "TX1", "", "C", 62.99, 62.99, 39.37, 180],
		[189, "SIM800L V1_1", -3280, 2165, "T", "DIP", "SIM800L V1_1", "", "C", 74.8, 74.8, 35.43, 270],
		[190, "SIM800L V1_1", -3280, 2165, "B", "DIP", "SIM800L V1_1", "", "C", 74.8, 74.8, 35.43, 270],
		[191, "SIM800L V1_2", -3380, 2165, "T", "DIP", "V", "", "C", 74.8, 74.8, 35.43, 270],
		[192, "SIM800L V1_2", -3380, 2165, "B", "DIP", "V", "", "C", 74.8, 74.8, 35.43, 270],
		[193, "SIM800L V1_3", -3480, 2165, "T", "DIP", "SIM800L V1_3", "", "C", 74.8, 74.8, 35.43, 270],
		[194, "SIM800L V1_3", -3480, 2165, "B", "DIP", "SIM800L V1_3", "", "C", 74.8, 74.8, 35.43, 270],
		[195, "SIM800L V1_4", -3580, 2165, "T", "DIP", "TX2", "", "C", 74.8, 74.8, 35.43, 270],
		[196, "SIM800L V1_4", -3580, 2165, "B", "DIP", "TX2", "", "C", 74.8, 74.8, 35.43, 270],
		[197, "SIM800L V1_5", -3680, 2165, "T", "DIP", "RX2", "", "C", 74.8, 74.8, 35.43, 270],
		[198, "SIM800L V1_5", -3680, 2165, "B", "DIP", "RX2", "", "C", 74.8, 74.8, 35.43, 270],
		[199, "SIM800L V1_6", -3780, 2165, "T", "DIP", "GND", "GND", "C", 74.8, 74.8, 35.43, 270],
		[200, "SIM800L V1_6", -3780, 2165, "B", "DIP", "GND", "GND", "C", 74.8, 74.8, 35.43, 270],
		[201, "SIM800L V1_7", -3880, 1303.98, "T", "DIP", "SIM800L V1_7", "", "C", 74.8, 74.8, 35.43, 270],
		[202, "SIM800L V1_7", -3880, 1303.98, "B", "DIP", "SIM800L V1_7", "", "C", 74.8, 74.8, 35.43, 270],
		[203, "SIM800L V1_8", -3780, 1303.98, "T", "DIP", "SIM800L V1_8", "", "C", 74.8, 74.8, 35.43, 270],
		[204, "SIM800L V1_8", -3780, 1303.98, "B", "DIP", "SIM800L V1_8", "", "C", 74.8, 74.8, 35.43, 270],
		[205, "SIM800L V1_9", -3680, 1303.98, "T", "DIP", "SIM800L V1_9", "", "C", 74.8, 74.8, 35.43, 270],
		[206, "SIM800L V1_9", -3680, 1303.98, "B", "DIP", "SIM800L V1_9", "", "C", 74.8, 74.8, 35.43, 270],
		[207, "SIM800L V1_10", -3580, 1303.98, "T", "DIP", "SIM800L V1_10", "", "C", 74.8, 74.8, 35.43, 270],
		[208, "SIM800L V1_10", -3580, 1303.98, "B", "DIP", "SIM800L V1_10", "", "C", 74.8, 74.8, 35.43, 270],
		[209, "SIM800L V1_11", -3480, 1303.98, "T", "DIP", "SIM800L V1_11", "", "C", 74.8, 74.8, 35.43, 270],
		[210, "SIM800L V1_11", -3480, 1303.98, "B", "DIP", "SIM800L V1_11", "", "C", 74.8, 74.8, 35.43, 270],
		[211, "SIM800L V1_12", -3380, 1303.98, "T", "DIP", "SIM800L V1_12", "", "C", 74.8, 74.8, 35.43, 270],
		[212, "SIM800L V1_12", -3380, 1303.98, "B", "DIP", "SIM800L V1_12", "", "C", 74.8, 74.8, 35.43, 270],
		[213, "U1_1", -4383.42, 1480, "T", "DIP", "V", "", "C", 78.74, 78.74, 39.37, 0],
		[214, "U1_1", -4383.42, 1480, "B", "DIP", "V", "", "C", 78.74, 78.74, 39.37, 0],
		[215, "U1_2", -4186.57, 1480, "T", "DIP", "GND", "GND", "C", 78.74, 78.74, 39.37, 0],
		[216, "U1_2", -4186.57, 1480, "B", "DIP", "GND", "GND", "C", 78.74, 78.74, 39.37, 0]
	]
}
}