{
"lengthUnit": "mil",
"components": {
	"fields": ["COMPONENT_NO", "COMPONENT_NAME", "LAYER", "X_COORDINATE", "Y_COORDINATE", "ANGLE"],
	"rows": [
		[1, "AHT10", "T", 2845, 585, 270],
		[2, "Co2", "T", 3340, 1860, 90],
		[3, "DS3231", "B", 3205, 2095, 270],
		[4, "ESP32-WROOM", "T", 1995, 1440, 90],
		[5, "J1", "T", 2700, 2065, 270],
		[6, "J2", "T", 1295, 810, 90],
		[7, "Micro SD card", "B", 1300, 1710, 180],
		[8, "Noise", "T", 905, 530, 0],
		[9, "OLED", "T", 2425, 475, 270],
		[10, "Prana air", "T", 1420, 475, 90]
	]
},
"pins": {
	"fields": ["PIN_NO", "PIN_NAME", "PIN_X", "PIN_Y", "LAYER", "PIN_TYPE", "NET_NAME", "NET_TYPE", "PAD_SHAPE", "PAD_SIZEX", "PAD_SIZEY", "HOLE_SIZE", "PAD_ANGLE"],
	"rows": [
		[1, "AHT10_1", 2845, 385, "T", "DIP", "V", "", "C", 60, 60, 36, 270],
		[2, "AHT10_1", 2845, 385, "B", "DIP", "V", "", "C", 60, 60, 36, 270],
		[3, "AHT10_2", 2845, 485, "T", "DIP", "GND", "GND", "C", 60, 60, 36, 270],
		[4, "AHT10_2", 2845, 485, "B", "DIP", "GND", "GND", "C", 60, 60, 36, 270],
		[5, "AHT10_3", 2845, 585, "T", "DIP", "SCL", "", "C", 60, 60, 36, 270],
		[6, "AHT10_3", 2845, 585, "B", "DIP", "SCL", "", "C", 60, 60, 36, 270],
		[7, "AHT10_4", 2845, 685, "T", "DIP", "SDA", "", "C", 60, 60, 36, 270],
		[8, "AHT10_4", 2845, 685, "B", "DIP", "SDA", "", "C", 60, 60, 36, 270],
		[9, "Co2_1", 3340, 1860, "T", "DIP", "V", "", "R", 66.93, 66.93, 39.37, 90],
		[10, "Co2_1", 3340, 1860, "B", "DIP", "V", "", "R", 66.93, 66.93, 39.37, 90],
		[11, "Co2_2", 3440, 1860, "T", "DIP", "GND", "GND", "C", 66.93, 66.93, 39.37, 90],
		[12, "Co2_2", 3440, 1860, "B", "DIP", "GND", "GND", "C", 66.93, 66.93, 39.37, 90],
		[13, "Co2_3", 3540, 1860, "T", "DIP", "Co2_3", "", "C", 66.93, 66.93, 39.37, 90],
		[14, "Co2_3", 3540, 1860, "B", "DIP", "Co2_3", "", "C", 66.93, 66.93, 39.37, 90],
		[15, "Co2_4", 3640, 1860, "T", "DIP", "PWM", "", "C", 66.93, 66.93, 39.37, 90],
		[16, "Co2_4", 3640, 1860, "B", "DIP", "PWM", "", "C", 66.93, 66.93, 39.37, 90],
		[17, "DS3231_1", 3105, 695, "T", "DIP", "DS3231_1", "", "R", 68, 68, 39, 180],
		[18, "DS3231_1", 3105, 695, "B", "DIP", "DS3231_1", "", "R", 68, 68, 39, 180],
		[19, "DS3231_2", 3205, 695, "T", "DIP", "DS3231_2", "", "C", 68, 68, 39, 180],
		[20, "DS3231_2", 3205, 695, "B", "DIP", "DS3231_2", "", "C", 68, 68, 39, 180],
		[21, "DS3231_3", 3305, 695, "T", "DIP", "SCL", "", "C", 68, 68, 39, 180],
		[22, "DS3231_3", 3305, 695, "B", "DIP", "SCL", "", "C", 68, 68, 39, 180],
		[23, "DS3231_4", 3405, 695, "T", "DIP", "SDA", "", "C", 68, 68, 39, 180],
		[24, "DS3231_4", 3405, 695, "B", "DIP", "SDA", "", "C", 68, 68, 39, 180],
		[25, "DS3231_5", 3505, 695, "T", "DIP", "V", "", "C", 68, 68, 39, 180],
		[26, "DS3231_5", 3505, 695, "B", "DIP", "V", "", "C", 68, 68, 39, 180],
		[27, "DS3231_6", 3605, 695, "T", "DIP", "GND", "GND", "C", 68, 68, 39, 180],
		[28, "DS3231_6", 3605, 695, "B", "DIP", "GND", "GND", "C", 68, 68, 39, 180],
		[29, "DS3231_7", 3205, 2095, "T", "DIP", "DS3231_7", "", "R", 68, 68, 39, 270],
		[30, "DS3231_7", 3205, 2095, "B", "DIP", "DS3231_7", "", "R", 68, 68, 39, 270],
		[31, "DS3231_8", 3305, 2095, "T", "DIP", "DS3231_8", "", "C", 68, 68, 39, 270],
		[32, "DS3231_8", 3305, 2095, "B", "DIP", "DS3231_8", "", "C", 68, 68, 39, 270],
		[33, "DS3231_9", 3405, 2095, "T", "DIP", "DS3231_9", "", "C", 68, 68, 39, 270],
		[34, "DS3231_9", 3405, 2095, "B", "DIP", "DS3231_9", "", "C", 68, 68, 39, 270],
		[35, "DS3231_10", 3505, 2095, "T", "DIP", "DS3231_10", "", "C", 68, 68, 39, 270],
		[36, "DS3231_10", 3505, 2095, "B", "DIP", "DS3231_10", "", "C", 68, 68, 39, 270],
		[37, "ESP32-WROOM_1", 1296, 937.5, "T", "DIP", "$1N9542", "", "R", 66.93, 66.93, 35, 0],
		[38, "ESP32-WROOM_1", 1296, 937.5, "B", "DIP", "$1N9542", "", "R", 66.93, 66.93, 35, 0],
		[39, "ESP32-WROOM_4", 1396, 937.5, "T", "DIP", "$1N9541", "", "C", 66.93, 66.93, 37.4, 0],
		[40, "ESP32-WROOM_4", 1396, 937.5, "B", "DIP", "$1N9541", "", "C", 66.93, 66.93, 37.4, 0],
		[41, "ESP32-WROOM_6", 1496.26, 937.5, "T", "DIP", "$1N9540", "", "C", 66.93, 66.93, 37.4, 0],
		[42, "ESP32-WROOM_6", 1496.26, 937.5, "B", "DIP", "$1N9540", "", "C", 66.93, 66.93, 37.4, 0],
		[43, "ESP32-WROOM_7", 1596.26, 937.5, "T", "DIP", "$1N9539", "", "C", 66.93, 66.93, 37.4, 0],
		[44, "ESP32-WROOM_7", 1596.26, 937.5, "B", "DIP", "$1N9539", "", "C", 66.93, 66.93, 37.4, 0],
		[45, "ESP32-WROOM_8", 1696.26, 937.5, "T", "DIP", "$1N9538", "", "C", 66.93, 66.93, 37.4, 0],
		[46, "ESP32-WROOM_8", 1696.26, 937.5, "B", "DIP", "$1N9538", "", "C", 66.93, 66.93, 37.4, 0],
		[47, "ESP32-WROOM_9", 1796.26, 937.5, "T", "DIP", "RX", "", "C", 66.93, 66.93, 37.4, 0],
		[48, "ESP32-WROOM_9", 1796.26, 937.5, "B", "DIP", "RX", "", "C", 66.93, 66.93, 37.4, 0],
		[49, "ESP32-WROOM_10", 1896.26, 937.5, "T", "DIP", "TX", "", "C", 66.93, 66.93, 37.4, 0],
		[50, "ESP32-WROOM_10", 1896.26, 937.5, "B", "DIP", "TX", "", "C", 66.93, 66.93, 37.4, 0],
		[51, "ESP32-WROOM_11", 1996.26, 937.5, "T", "DIP", "CS", "", "C", 66.93, 66.93, 37.4, 0],
		[52, "ESP32-WROOM_11", 1996.26, 937.5, "B", "DIP", "CS", "", "C", 66.93, 66.93, 37.4, 0],
		[53, "ESP32-WROOM_12", 2096.26, 937.5, "T", "DIP", "SCK", "", "C", 66.93, 66.93, 37.4, 0],
		[54, "ESP32-WROOM_12", 2096.26, 937.5, "B", "DIP", "SCK", "", "C", 66.93, 66.93, 37.4, 0],
		[55, "ESP32-WROOM_13", 2196.26, 937.5, "T", "DIP", "MISO", "", "C", 66.93, 66.93, 37.4, 0],
		[56, "ESP32-WROOM_13", 2196.26, 937.5, "B", "DIP", "MISO", "", "C", 66.93, 66.93, 37.4, 0],
		[57, "ESP32-WROOM_14", 2296.26, 937.5, "T", "DIP", "SDA", "", "C", 66.93, 66.93, 37.4, 0],
		[58, "ESP32-WROOM_14", 2296.26, 937.5, "B", "DIP", "SDA", "", "C", 66.93, 66.93, 37.4, 0],
		[59, "ESP32-WROOM_15", 2396.26, 937.5, "T", "DIP", "$1N9564", "", "C", 66.93, 66.93, 37.4, 0],
		[60, "ESP32-WROOM_15", 2396.26, 937.5, "B", "DIP", "$1N9564", "", "C", 66.93, 66.93, 37.4, 0],
		[61, "ESP32-WROOM_16", 2496.26, 937.5, "T", "DIP", "$1N9565", "", "C", 66.93, 66.93, 37.4, 0],
		[62, "ESP32-WROOM_16", 2496.26, 937.5, "B", "DIP", "$1N9565", "", "C", 66.93, 66.93, 37.4, 0],
		[63, "ESP32-WROOM_17", 2596.26, 937.5, "T", "DIP", "SCL", "", "C", 66.93, 66.93, 37.4, 0],
		[64, "ESP32-WROOM_17", 2596.26, 937.5, "B", "DIP", "SCL", "", "C", 66.93, 66.93, 37.4, 0],
		[65, "ESP32-WROOM_18", 2696.26, 937.5, "T", "DIP", "MOSI", "", "C", 66.93, 66.93, 37.4, 0],
		[66, "ESP32-WROOM_18", 2696.26, 937.5, "B", "DIP", "MOSI", "", "C", 66.93, 66.93, 37.4, 0],
		[67, "ESP32-WROOM_19", 2696.26, 1935.5, "T", "DIP", "$1N9557", "", "C", 66.93, 66.93, 37.4, 0],
		[68, "ESP32-WROOM_19", 2696.26, 1935.5, "B", "DIP", "$1N9557", "", "C", 66.93, 66.93, 37.4, 0],
		[69, "ESP32-WROOM_20", 2596.26, 1935.5, "T", "DIP", "A", "", "C", 66.93, 66.93, 37.4, 0],
		[70, "ESP32-WROOM_20", 2596.26, 1935.5, "B", "DIP", "A", "", "C", 66.93, 66.93, 37.4, 0],
		[71, "ESP32-WROOM_21", 2496.26, 1935.5, "T", "DIP", "$1N9555", "", "C", 66.93, 66.93, 37.4, 0],
		[72, "ESP32-WROOM_21", 2496.26, 1935.5, "B", "DIP", "$1N9555", "", "C", 66.93, 66.93, 37.4, 0],
		[73, "ESP32-WROOM_22", 2396.26, 1935.5, "T", "DIP", "$1N9554", "", "C", 66.93, 66.93, 37.4, 0],
		[74, "ESP32-WROOM_22", 2396.26, 1935.5, "B", "DIP", "$1N9554", "", "C", 66.93, 66.93, 37.4, 0],
		[75, "ESP32-WROOM_23", 2296.26, 1935.5, "T", "DIP", "$1N9553", "", "C", 66.93, 66.93, 37.4, 0],
		[76, "ESP32-WROOM_23", 2296.26, 1935.5, "B", "DIP", "$1N9553", "", "C", 66.93, 66.93, 37.4, 0],
		[77, "ESP32-WROOM_24", 2196.26, 1935.5, "T", "DIP", "$1N9552", "", "C", 66.93, 66.93, 37.4, 0],
		[78, "ESP32-WROOM_24", 2196.26, 1935.5, "B", "DIP", "$1N9552", "", "C", 66.93, 66.93, 37.4, 0],
		[79, "ESP32-WROOM_25", 2096.26, 1935.5, "T", "DIP", "PWM", "", "C", 66.93, 66.93, 37.4, 0],
		[80, "ESP32-WROOM_25", 2096.26, 1935.5, "B", "DIP", "PWM", "", "C", 66.93, 66.93, 37.4, 0],
		[81, "ESP32-WROOM_26", 1996.26, 1935.5, "T", "DIP", "$1N9550", "", "C", 66.93, 66.93, 37.4, 0],
		[82, "ESP32-WROOM_26", 1996.26, 1935.5, "B", "DIP", "$1N9550", "", "C", 66.93, 66.93, 37.4, 0],
		[83, "ESP32-WROOM_27", 1896.26, 1935.5, "T", "DIP", "$1N9549", "", "C", 66.93, 66.93, 37.4, 0],
		[84, "ESP32-WROOM_27", 1896.26, 1935.5, "B", "DIP", "$1N9549", "", "C", 66.93, 66.93, 37.4, 0],
		[85, "ESP32-WROOM_28", 1796.26, 1935.5, "T", "DIP", "$1N9548", "", "C", 66.93, 66.93, 37.4, 0],
		[86, "ESP32-WROOM_28", 1796.26, 1935.5, "B", "DIP", "$1N9548", "", "C", 66.93, 66.93, 37.4, 0],
		[87, "ESP32-WROOM_29", 1696.26, 1935.5, "T", "DIP", "$1N9547", "", "C", 66.93, 66.93, 37.4, 0],
		[88, "ESP32-WROOM_29", 1696.26, 1935.5, "B", "DIP", "$1N9547", "", "C", 66.93, 66.93, 37.4, 0],
		[89, "ESP32-WROOM_30", 1596.26, 1935.5, "T", "DIP", "TX1", "", "C", 66.93, 66.93, 37.4, 0],
		[90, "ESP32-WROOM_30", 1596.26, 1935.5, "B", "DIP", "TX1", "", "C", 66.93, 66.93, 37.4, 0],
		[91, "ESP32-WROOM_31", 1496.26, 1935.5, "T", "DIP", "RX1", "", "C", 66.93, 66.93, 37.4, 0],
		[92, "ESP32-WROOM_31", 1496.26, 1935.5, "B", "DIP", "RX1", "", "C", 66.93, 66.93, 37.4, 0],
		[93, "ESP32-WROOM_35", 1396, 1935.5, "T", "DIP", "GND", "GND", "C", 66.93, 66.93, 37.4, 0],
		[94, "ESP32-WROOM_35", 1396, 1935.5, "B", "DIP", "GND", "GND", "C", 66.93, 66.93, 37.4, 0],
		[95, "ESP32-WROOM_36", 1296, 1935.5, "T", "DIP", "V", "", "C", 66.93, 66.93, 37.4, 0],
		[96, "ESP32-WROOM_36", 1296, 1935.5, "B", "DIP", "V", "", "C", 66.93, 66.93, 37.4, 0],
		[97, "J1_1", 2700, 2065, "T", "DIP", "$1N9557", "", "R", 66.93, 66.93, 39.37, 270],
		[98, "J1_1", 2700, 2065, "B", "DIP", "$1N9557", "", "R", 66.93, 66.93, 39.37, 270],
		[99, "J1_2", 2600, 2065, "T", "DIP", "A", "", "C", 66.93, 66.93, 39.37, 270],
		[100, "J1_2", 2600, 2065, "B", "DIP", "A", "", "C", 66.93, 66.93, 39.37, 270],
		[101, "J1_3", 2500, 2065, "T", "DIP", "$1N9555", "", "C", 66.93, 66.93, 39.37, 270],
		[102, "J1_3", 2500, 2065, "B", "DIP", "$1N9555", "", "C", 66.93, 66.93, 39.37, 270],
		[103, "J1_4", 2400, 2065, "T", "DIP", "$1N9554", "", "C", 66.93, 66.93, 39.37, 270],
		[104, "J1_4", 2400, 2065, "B", "DIP", "$1N9554", "", "C", 66.93, 66.93, 39.37, 270],
		[105, "J1_5", 2300, 2065, "T", "DIP", "$1N9553", "", "C", 66.93, 66.93, 39.37, 270],
		[106, "J1_5", 2300, 2065, "B", "DIP", "$1N9553", "", "C", 66.93, 66.93, 39.37, 270],
		[107, "J1_6", 2200, 2065, "T", "DIP", "$1N9552", "", "C", 66.93, 66.93, 39.37, 270],
		[108, "J1_6", 2200, 2065, "B", "DIP", "$1N9552", "", "C", 66.93, 66.93, 39.37, 270],
		[109, "J1_7", 2100, 2065, "T", "DIP", "PWM", "", "C", 66.93, 66.93, 39.37, 270],
		[110, "J1_7", 2100, 2065, "B", "DIP", "PWM", "", "C", 66.93, 66.93, 39.37, 270],
		[111, "J1_8", 2000, 2065, "T", "DIP", "$1N9550", "", "C", 66.93, 66.93, 39.37, 270],
		[112, "J1_8", 2000, 2065, "B", "DIP", "$1N9550", "", "C", 66.93, 66.93, 39.37, 270],
		[113, "J1_9", 1900, 2065, "T", "DIP", "$1N9549", "", "C", 66.93, 66.93, 39.37, 270],
		[114, "J1_9", 1900, 2065, "B", "DIP", "$1N9549", "", "C", 66.93, 66.93, 39.37, 270],
		[115, "J1_10", 1800, 2065, "T", "DIP", "$1N9548", "", "C", 66.93, 66.93, 39.37, 270],
		[116, "J1_10", 1800, 2065, "B", "DIP", "$1N9548", "", "C", 66.93, 66.93, 39.37, 270],
		[117, "J1_11", 1700, 2065, "T", "DIP", "$1N9547", "", "C", 66.93, 66.93, 39.37, 270],
		[118, "J1_11", 1700, 2065, "B", "DIP", "$1N9547", "", "C", 66.93, 66.93, 39.37, 270],
		[119, "J1_12", 1600, 2065, "T", "DIP", "TX1", "", "C", 66.93, 66.93, 39.37, 270],
		[120, "J1_12", 1600, 2065, "B", "DIP", "TX1", "", "C", 66.93, 66.93, 39.37, 270],
		[121, "J1_13", 1500, 2065, "T", "DIP", "RX1", "", "C", 66.93, 66.93, 39.37, 270],
		[122, "J1_13", 1500, 2065, "B", "DIP", "RX1", "", "C", 66.93, 66.93, 39.37, 270],
		[123, "J1_14", 1400, 2065, "T", "DIP", "GND", "GND", "C", 66.93, 66.93, 39.37, 270],
		[124, "J1_14", 1400, 2065, "B", "DIP", "GND", "GND", "C", 66.93, 66.93, 39.37, 270],
		[125, "J1_15", 1300, 2065, "T", "DIP", "V", "", "C", 66.93, 66.93, 39.37, 270],
		[126, "J1_15", 1300, 2065, "B", "DIP", "V", "", "C", 66.93, 66.93, 39.37, 270],
		[127, "J2_1", 1295, 810, "T", "DIP", "$1N9542", "", "R", 66.93, 66.93, 39.37, 90],
		[128, "J2_1", 1295, 810, "B", "DIP", "$1N9542", "", "R", 66.93, 66.93, 39.37, 90],
		[129, "J2_2", 1395, 810, "T", "DIP", "$1N9541", "", "C", 66.93, 66.93, 39.37, 90],
		[130, "J2_2", 1395, 810, "B", "DIP", "$1N9541", "", "C", 66.93, 66.93, 39.37, 90],
		[131, "J2_3", 1495, 810, "T", "DIP", "$1N9540", "", "C", 66.93, 66.93, 39.37, 90],
		[132, "J2_3", 1495, 810, "B", "DIP", "$1N9540", "", "C", 66.93, 66.93, 39.37, 90],
		[133, "J2_4", 1595, 810, "T", "DIP", "$1N9539", "", "C", 66.93, 66.93, 39.37, 90],
		[134, "J2_4", 1595, 810, "B", "DIP", "$1N9539", "", "C", 66.93, 66.93, 39.37, 90],
		[135, "J2_5", 1695, 810, "T", "DIP", "$1N9538", "", "C", 66.93, 66.93, 39.37, 90],
		[136, "J2_5", 1695, 810, "B", "DIP", "$1N9538", "", "C", 66.93, 66.93, 39.37, 90],
		[137, "J2_6", 1795, 810, "T", "DIP", "RX", "", "C", 66.93, 66.93, 39.37, 90],
		[138, "J2_6", 1795, 810, "B", "DIP", "RX", "", "C", 66.93, 66.93, 39.37, 90],
		[139, "J2_7", 1895, 810, "T", "DIP", "TX", "", "C", 66.93, 66.93, 39.37, 90],
		[140, "J2_7", 1895, 810, "B", "DIP", "TX", "", "C", 66.93, 66.93, 39.37, 90],
		[141, "J2_8", 1995, 810, "T", "DIP", "CS", "", "C", 66.93, 66.93, 39.37, 90],
		[142, "J2_8", 1995, 810, "B", "DIP", "CS", "", "C", 66.93, 66.93, 39.37, 90],
		[143, "J2_9", 2095, 810, "T", "DIP", "SCK", "", "C", 66.93, 66.93, 39.37, 90],
		[144, "J2_9", 2095, 810, "B", "DIP", "SCK", "", "C", 66.93, 66.93, 39.37, 90],
		[145, "J2_10", 2195, 810, "T", "DIP", "MISO", "", "C", 66.93, 66.93, 39.37, 90],
		[146, "J2_10", 2195, 810, "B", "DIP", "MISO", "", "C", 66.93, 66.93, 39.37, 90],
		[147, "J2_11", 2295, 810, "T", "DIP", "SDA", "", "C", 66.93, 66.93, 39.37, 90],
		[148, "J2_11", 2295, 810, "B", "DIP", "SDA", "", "C", 66.93, 66.93, 39.37, 90],
		[149, "J2_12", 2395, 810, "T", "DIP", "$1N9564", "", "C", 66.93, 66.93, 39.37, 90],
		[150, "J2_12", 2395, 810, "B", "DIP", "$1N9564", "", "C", 66.93, 66.93, 39.37, 90],
		[151, "J2_13", 2495, 810, "T", "DIP", "$1N9565", "", "C", 66.93, 66.93, 39.37, 90],
		[152, "J2_13", 2495, 810, "B", "DIP", "$1N9565", "", "C", 66.93, 66.93, 39.37, 90],
		[153, "J2_14", 2595, 810, "T", "DIP", "SCL", "", "C", 66.93, 66.93, 39.37, 90],
		[154, "J2_14", 2595, 810, "B", "DIP", "SCL", "", "C", 66.93, 66.93, 39.37, 90],
		[155, "J2_15", 2695, 810, "T", "DIP", "MOSI", "", "C", 66.93, 66.93, 39.37, 90],
		[156, "J2_15", 2695, 810, "B", "DIP", "MOSI", "", "C", 66.93, 66.93, 39.37, 90],
		[157, "Micro SD card_1", 1300, 1710, "T", "DIP", "CS", "", "C", 62.01, 62.01, 40.16, 180],
		[158, "Micro SD card_1", 1300, 1710, "B", "DIP", "CS", "", "C", 62.01, 62.01, 40.16, 180],
		[159, "Micro SD card_2", 1300, 1610, "T", "DIP", "SCK", "", "C", 62.01, 62.01, 36, 180],
		[160, "Micro SD card_2", 1300, 1610, "B", "DIP", "SCK", "", "C", 62.01, 62.01, 36, 180],
		[161, "Micro SD card_3", 1300, 1510, "T", "DIP", "MOSI", "", "C", 62.01, 62.01, 36, 180],
		[162, "Micro SD card_3", 1300, 1510, "B", "DIP", "MOSI", "", "C", 62.01, 62.01, 36, 180],
		[163, "Micro SD card_4", 1300, 1410, "T", "DIP", "MISO", "", "C", 62.01, 62.01, 36, 180],
		[164, "Micro SD card_4", 1300, 1410, "B", "DIP", "MISO", "", "C", 62.01, 62.01, 36, 180],
		[165, "Micro SD card_5", 1300, 1310, "T", "DIP", "V", "", "C", 62.01, 62.01, 36, 180],
		[166, "Micro SD card_5", 1300, 1310, "B", "DIP", "V", "", "C", 62.01, 62.01, 36, 180],
		[167, "Micro SD card_6", 1300, 1210, "T", "DIP", "GND", "GND", "C", 62.01, 62.01, 36, 180],
		[168, "Micro SD card_6", 1300, 1210, "B", "DIP", "GND", "GND", "C", 62.01, 62.01, 36, 180],
		[169, "Noise_1", 905.98, 531.54, "T", "DIP", "A", "", "C", 59.06, 59.06, 39.37, 0],
		[170, "Noise_1", 905.98, 531.54, "B", "DIP", "A", "", "C", 59.06, 59.06, 39.37, 0],
		[171, "Noise_2", 984.72, 531.54, "T", "DIP", "V", "", "C", 59.06, 59.06, 39.37, 0],
		[172, "Noise_2", 984.72, 531.54, "B", "DIP", "V", "", "C", 59.06, 59.06, 39.37, 0],
		[173, "Noise_3", 1063.46, 531.54, "T", "DIP", "GND", "GND", "C", 59.06, 59.06, 39.37, 0],
		[174, "Noise_3", 1063.46, 531.54, "B", "DIP", "GND", "GND", "C", 59.06, 59.06, 39.37, 0],
		[175, "OLED_1", 2425, 475, "T", "DIP", "GND", "GND", "R", 66.93, 66.93, 39.37, 270],
		[176, "OLED_1", 2425, 475, "B", "DIP", "GND", "GND", "R", 66.93, 66.93, 39.37, 270],
		[177, "OLED_2", 2325, 475, "T", "DIP", "V", "", "C", 66.93, 66.93, 39.37, 270],
		[178, "OLED_2", 2325, 475, "B", "DIP", "V", "", "C", 66.93, 66.93, 39.37, 270],
		[179, "OLED_3", 2225, 475, "T", "DIP", "SCL", "", "C", 66.93, 66.93, 39.37, 270],
		[180, "OLED_3", 2225, 475, "B", "DIP", "SCL", "", "C", 66.93, 66.93, 39.37, 270],
		[181, "OLED_4", 2125, 475, "T", "DIP", "SDA", "", "C", 66.93, 66.93, 39.37, 270],
		[182, "OLED_4", 2125, 475, "B", "DIP", "SDA", "", "C", 66.93, 66.93, 39.37, 270],
		[183, "Prana air_1", 1420, 475, "T", "DIP", "V", "", "R", 66.93, 66.93, 39.37, 90],
		[184, "Prana air_1", 1420, 475, "B", "DIP", "V", "", "R", 66.93, 66.93, 39.37, 90],
		[185, "Prana air_2", 1520, 475, "T", "DIP", "GND", "GND", "C", 66.93, 66.93, 39.37, 90],
		[186, "Prana air_2", 1520, 475, "B", "DIP", "GND", "GND", "C", 66.93, 66.93, 39.37, 90],
		[187, "Prana air_3", 1620, 475, "T", "DIP", "RX", "", "C", 66.93, 66.93, 39.37, 90],
		[188, "Prana air_3", 1620, 475, "B", "DIP", "RX", "", "C", 66.93, 66.93, 39.37, 90],
		[189, "Prana air_4", 1720, 475, "T", "DIP", "TX", "", "C", 66.93, 66.93, 39.37, 90],
		[190, "Prana air_4", 1720, 475, "B", "DIP", "TX", "", "C", 66.93, 66.93, 39.37, 90]
	]
}
}